record_id,Exponent__Global,PSS_DIRt,GHQ_DIRt,MAIA_Autorregulacion_DIRd
Subject_ID126,,26,15,9
Subject_ID112,1.139657270699419,19,5,13
Subject_ID053,0.8277482445917076,23,21,8
Subject_ID146,1.1127900554898276,12,4,16
Subject_ID004,0.8375316786804705,21,8,12
Subject_ID040,0.9698230907773073,16,5,14
Subject_ID028,0.9772638181412312,15,4,15
Subject_ID015,,30,21,11
Subject_ID055,,22,11,12
Subject_ID141,1.0102422501703627,8,9,12
Subject_ID017,1.0222089191846144,26,4,13
Subject_ID113,0.15205066925125119,34,19,8
Subject_ID025,0.43089144957057857,27,27,16
Subject_ID010,0.8172133406563645,32,24,1
Subject_ID108,0.6457694206108359,26,14,10
Subject_ID129,0.5050447188982662,23,9,14
Subject_ID019,0.47647986845054424,31,26,6
Subject_ID139,0.8228058190553738,20,5,15
Subject_ID030,0.7349038229037785,31,19,8
Subject_ID101,,31,18,8
Subject_ID006,0.6302994288508511,16,4,11
Subject_ID042,1.1387490374020743,16,10,11
Subject_ID143,0.8900967877778714,23,6,12
Subject_ID118,0.7089157862438151,23,18,16
Subject_ID117,0.6920466074654646,24,11,6
Subject_ID148,-0.093444706293846,25,23,15
Subject_ID127,0.6692311689394631,26,13,13
Subject_ID144,0.8092802114789553,15,6,16
Subject_ID140,1.0093629636270633,22,16,11
Subject_ID041,1.0434164623901188,33,25,9
Subject_ID046,0.370694130632478,34,20,14
Subject_ID026,0.7905057881535142,28,18,11
Subject_ID037,1.1120142698120694,26,10,15
Subject_ID132,0.8698877798887584,27,11,17
Subject_ID103,0.984480618706274,19,6,10
Subject_ID031,0.7813023756381285,17,9,15
Subject_ID001,1.1305715584153933,22,12,12
Subject_ID020,0.7842431796128255,25,15,17
Subject_ID120,0.8991528832602678,22,13,12
Subject_ID107,,15,9,17
Subject_ID114,1.036554909531189,18,8,9
Subject_ID116,1.0470111409396736,6,6,18
Subject_ID034,0.9703142710605976,19,4,12
Subject_ID005,0.7720389611912973,29,14,12
Subject_ID109,,34,33,16
Subject_ID003,0.31209555495795244,23,13,15
Subject_ID047,0.8869461139558986,14,5,10
Subject_ID008,1.02544190230061,26,11,12
Subject_ID133,0.8058308259791086,28,11,10
Subject_ID044,,25,12,6
Subject_ID054,1.1946687154805113,18,11,13
Subject_ID123,1.0287121818504765,12,6,12
Subject_ID125,0.9419166857251171,35,20,6
Subject_ID048,0.8105363668386525,30,6,15
Subject_ID134,0.5552060873550251,23,16,17
Subject_ID105,0.9805157951354315,21,16,13
Subject_ID043,1.5242884478070247,19,8,12
Subject_ID036,,14,9,10
Subject_ID121,1.1084409784322626,21,15,9
Subject_ID149,1.2278687091865759,19,10,11
Subject_ID115,1.6457248109735794,22,8,18
Subject_ID049,0.5483208048244759,28,14,11
Subject_ID033,0.2051633906520066,29,23,8
Subject_ID027,1.0934478442291897,32,15,4
Subject_ID052,0.20893107422232593,29,21,12
Subject_ID124,0.8968715643910513,24,3,15
Subject_ID137,1.0994052697023133,23,11,17
Subject_ID016,0.45022313949446907,24,13,12
Subject_ID100,0.9105833310375999,32,15,14
Subject_ID136,0.8374052682813957,23,7,13
Subject_ID102,0.8600305596133446,32,25,11
Subject_ID039,0.668064871038638,28,14,11
Subject_ID111,0.35296540671649723,29,21,18
Subject_ID013,0.749117090614064,25,12,16
Subject_ID050,0.8196266927174555,24,9,20
Subject_ID009,0.29908427888816386,12,8,18
Subject_ID038,0.8308042716465073,14,9,17
Subject_ID021,0.6174997060153427,22,13,17
Subject_ID022,,29,14,12
Subject_ID142,0.9965668232572529,24,14,6
Subject_ID106,0.6082283532401861,19,14,12
Subject_ID131,0.46604820868370433,23,17,11
Subject_ID023,0.2115279972161518,13,11,11
Subject_ID110,0.6046961547303775,29,18,12
Subject_ID018,0.8860095068736766,27,10,17
Subject_ID012,0.20244755709214501,29,12,17
Subject_ID029,1.1209303513850257,12,11,8
Subject_ID051,0.49005777213471874,20,8,6
Subject_ID014,0.4899269544347084,26,5,13
Subject_ID104,1.3833006012511184,26,12,9
Subject_ID122,0.557181418454167,25,16,8
Subject_ID035,1.074978483415278,26,13,18
Subject_ID128,0.4713550429991115,12,4,7
Subject_ID119,0.7889703417820291,38,32,7
Subject_ID130,0.6697822046564235,27,13,14
Subject_ID145,0.9140105803133793,17,14,10
Subject_ID147,0.9875682035694391,35,20,7
Subject_ID024,,21,11,19
Subject_ID007,0.7592020447571981,15,9,15
Subject_ID032,,18,2,20
Subject_ID045,1.0843538221031315,22,6,12
Subject_ID138,1.0134952004663758,15,8,15
Subject_ID011,0.7693350035214457,15,5,16
