record_id,PSS_DIRt,GHQ_DIRt,MAIA_Autorregulacion_DIRd
Subject_ID126,26,15,9
Subject_ID112,19,5,13
Subject_ID053,23,21,8
Subject_ID146,12,4,16
Subject_ID004,21,8,12
Subject_ID040,16,5,14
Subject_ID028,15,4,15
Subject_ID015,30,21,11
Subject_ID055,22,11,12
Subject_ID141,8,9,12
Subject_ID017,26,4,13
Subject_ID113,34,19,8
Subject_ID025,27,27,16
Subject_ID010,32,24,1
Subject_ID108,26,14,10
Subject_ID129,23,9,14
Subject_ID019,31,26,6
Subject_ID139,20,5,15
Subject_ID030,31,19,8
Subject_ID101,31,18,8
Subject_ID006,16,4,11
Subject_ID042,16,10,11
Subject_ID143,23,6,12
Subject_ID118,23,18,16
Subject_ID117,24,11,6
Subject_ID148,25,23,15
Subject_ID127,26,13,13
Subject_ID144,15,6,16
Subject_ID140,22,16,11
Subject_ID041,33,25,9
Subject_ID046,34,20,14
Subject_ID026,28,18,11
Subject_ID037,26,10,15
Subject_ID132,27,11,17
Subject_ID103,19,6,10
Subject_ID031,17,9,15
Subject_ID001,22,12,12
Subject_ID020,25,15,17
Subject_ID120,22,13,12
Subject_ID107,15,9,17
Subject_ID114,18,8,9
Subject_ID116,6,6,18
Subject_ID034,19,4,12
Subject_ID005,29,14,12
Subject_ID109,34,33,16
Subject_ID003,23,13,15
Subject_ID047,14,5,10
Subject_ID008,26,11,12
Subject_ID133,28,11,10
Subject_ID044,25,12,6
Subject_ID054,18,11,13
Subject_ID123,12,6,12
Subject_ID125,35,20,6
Subject_ID048,30,6,15
Subject_ID134,23,16,17
Subject_ID105,21,16,13
Subject_ID043,19,8,12
Subject_ID036,14,9,10
Subject_ID121,21,15,9
Subject_ID149,19,10,11
Subject_ID115,22,8,18
Subject_ID049,28,14,11
Subject_ID033,29,23,8
Subject_ID027,32,15,4
Subject_ID052,29,21,12
Subject_ID124,24,3,15
Subject_ID137,23,11,17
Subject_ID016,24,13,12
Subject_ID100,32,15,14
Subject_ID136,23,7,13
Subject_ID102,32,25,11
Subject_ID039,28,14,11
Subject_ID111,29,21,18
Subject_ID013,25,12,16
Subject_ID050,24,9,20
Subject_ID009,12,8,18
Subject_ID038,14,9,17
Subject_ID021,22,13,17
Subject_ID022,29,14,12
Subject_ID142,24,14,6
Subject_ID106,19,14,12
Subject_ID131,23,17,11
Subject_ID023,13,11,11
Subject_ID110,29,18,12
Subject_ID018,27,10,17
Subject_ID012,29,12,17
Subject_ID029,12,11,8
Subject_ID051,20,8,6
Subject_ID014,26,5,13
Subject_ID104,26,12,9
Subject_ID122,25,16,8
Subject_ID035,26,13,18
Subject_ID128,12,4,7
Subject_ID119,38,32,7
Subject_ID130,27,13,14
Subject_ID145,17,14,10
Subject_ID147,35,20,7
Subject_ID024,21,11,19
Subject_ID007,15,9,15
Subject_ID032,18,2,20
Subject_ID045,22,6,12
Subject_ID138,15,8,15
Subject_ID011,15,5,16
